activity_id,sister_id,month,clients_contacted,new_users,follow_up_completed,referrals,stockout_days,community_sessions,travel_km,reported_work_days
1,LS0001,8/1/2025,13,7,4,0,7,12,26.2,20
2,LS0001,7/1/2025,27,18,10,0,3,10,13.9,17
3,LS0001,12/1/2025,17,9,5,2,11,3,51.6,17
4,LS0001,6/1/2025,31,23,19,2,3,3,20.6,17
5,LS0002,8/1/2025,15,11,6,1,5,6,122.2,25
6,LS0002,11/1/2025,20,13,10,2,13,7,54.5,21
7,LS0002,10/1/2025,52,33,27,1,1,12,71.3,24
8,LS0002,5/1/2025,22,9,5,2,15,6,35.2,25
9,LS0002,1/1/2025,43,31,21,5,2,6,50.4,15
10,LS0003,8/1/2025,46,23,13,2,7,12,53.4,22
11,LS0003,12/1/2025,45,26,19,2,2,11,29.9,21
12,LS0003,2/1/2025,21,11,9,1,0,0,5.5,22
13,LS0003,10/1/2025,17,12,8,1,10,8,29.4,12
14,LS0004,12/1/2025,34,14,9,2,0,10,20.2,23
15,LS0004,5/1/2025,14,10,7,1,12,5,37.5,18
16,LS0004,7/1/2025,19,8,5,2,1,8,15.2,10
17,LS0004,1/1/2025,31,17,14,2,4,3,50.3,22
18,LS0005,5/1/2025,47,25,15,4,3,9,77.5,22
19,LS0005,9/1/2025,26,18,10,3,13,7,63.8,14
20,LS0005,3/1/2025,44,32,25,5,7,7,28.1,12
21,LS0005,6/1/2025,8,4,3,0,0,0,87.7,26
22,LS0006,10/1/2025,23,10,8,2,13,6,26.5,13
23,LS0007,11/1/2025,45,27,15,1,7,9,210.4,12
24,LS0007,4/1/2025,35,17,10,5,0,7,144.3,10
25,LS0007,3/1/2025,23,12,8,3,2,7,168.1,26
26,LS0007,7/1/2025,34,23,17,5,0,1,199.1,16
27,LS0007,1/1/2025,11,6,3,1,0,1,171.1,11
28,LS0007,6/1/2025,51,31,19,4,2,2,212.2,20
29,LS0008,12/1/2025,29,13,11,1,2,8,89.5,19
30,LS0008,2/1/2025,13,8,5,0,3,1,171.4,18
31,LS0008,11/1/2025,39,28,23,3,6,12,179.3,17
32,LS0008,9/1/2025,45,28,15,4,2,12,177.6,20
33,LS0008,7/1/2025,13,6,3,1,10,0,94.5,18
34,LS0009,12/1/2025,17,9,8,2,5,2,32.4,22
35,LS0009,2/1/2025,10,5,3,1,12,9,42.1,25
36,LS0009,8/1/2025,13,7,5,1,5,1,23.4,20
37,LS0009,9/1/2025,47,25,19,5,3,11,36,20
38,LS0009,4/1/2025,10,4,3,1,4,1,41.6,16
39,LS0009,10/1/2025,23,11,8,0,10,0,14.1,16
40,LS0010,9/1/2025,20,14,12,2,4,8,110,22
41,LS0010,12/1/2025,17,7,4,2,1,11,94.4,19
42,LS0010,3/1/2025,13,8,6,1,9,7,64.5,19
43,LS0010,1/1/2025,37,23,15,3,5,12,66.4,15
44,LS0010,4/1/2025,40,28,21,2,0,10,84.2,22
45,LS0010,10/1/2025,27,14,8,0,8,6,64.5,16
46,LS0011,11/1/2025,17,10,8,1,0,2,27.1,20
47,LS0011,6/1/2025,25,17,12,1,15,0,29.9,16
48,LS0012,6/1/2025,32,15,10,4,0,6,8.5,24
49,LS0012,10/1/2025,20,9,7,2,3,0,30.4,14
50,LS0012,3/1/2025,30,13,8,3,1,9,29,21
51,LS0012,7/1/2025,50,21,17,1,1,7,46,13
52,LS0013,11/1/2025,41,18,12,4,1,8,46.1,22
53,LS0013,9/1/2025,48,27,14,6,3,11,8.3,25
54,LS0013,3/1/2025,43,32,19,2,3,10,21.3,22
55,LS0014,12/1/2025,38,25,15,2,4,10,159.6,15
56,LS0014,9/1/2025,34,16,12,3,3,5,187.8,10
57,LS0014,5/1/2025,26,18,15,3,0,12,74.1,24
58,LS0014,3/1/2025,32,15,12,3,12,4,201.8,19
59,LS0015,8/1/2025,41,20,11,1,2,10,134.6,18
60,LS0015,11/1/2025,36,24,14,3,2,12,155.4,24
61,LS0015,5/1/2025,14,10,6,1,0,11,172.2,19
62,LS0015,12/1/2025,25,14,10,3,2,9,135.9,15
63,LS0016,12/1/2025,10,6,4,0,14,8,41.1,12
64,LS0016,2/1/2025,25,15,9,1,2,0,20.9,15
65,LS0016,6/1/2025,6,4,3,1,6,3,37.2,10
66,LS0017,5/1/2025,14,9,7,2,5,7,101.2,12
67,LS0017,6/1/2025,41,23,18,1,2,11,162.8,16
68,LS0018,10/1/2025,27,19,13,0,2,10,46.2,12
69,LS0018,9/1/2025,14,7,6,0,15,4,35.9,19
70,LS0018,2/1/2025,33,17,11,0,2,2,16.6,25
71,LS0018,4/1/2025,16,7,4,1,15,3,32.2,26
72,LS0019,4/1/2025,23,11,6,3,1,8,26.6,11
73,LS0020,3/1/2025,25,17,10,1,0,5,118.6,16
74,LS0020,10/1/2025,20,9,6,2,3,2,188.8,26
75,LS0020,9/1/2025,5,2,1,0,8,0,133.6,26
76,LS0020,2/1/2025,57,39,27,1,5,1,93.4,19
77,LS0020,8/1/2025,30,18,11,3,4,10,158.8,14
78,LS0020,11/1/2025,26,16,9,4,5,10,50.1,22
79,LS0021,10/1/2025,35,24,15,2,4,4,47.8,10
80,LS0021,4/1/2025,28,17,13,4,1,7,64.5,11
81,LS0021,9/1/2025,28,12,10,3,0,9,74.3,26
82,LS0021,3/1/2025,38,28,20,2,0,5,81.1,14
83,LS0021,6/1/2025,37,22,15,3,1,7,87.8,22
84,LS0021,12/1/2025,56,32,24,3,1,3,81.2,25
85,LS0022,1/1/2025,30,17,9,4,6,12,110.5,26
86,LS0022,12/1/2025,12,6,4,0,7,5,24.5,25
87,LS0022,5/1/2025,5,3,2,0,1,5,127.8,14
88,LS0022,10/1/2025,46,26,16,4,2,4,64.2,24
89,LS0022,2/1/2025,43,30,15,4,3,0,128.7,16
90,LS0023,4/1/2025,12,9,5,1,8,0,95.2,20
91,LS0023,7/1/2025,30,22,15,3,1,4,50.5,22
92,LS0023,12/1/2025,29,18,15,1,3,1,69.1,17
93,LS0023,5/1/2025,34,15,10,5,3,10,118.3,18
94,LS0023,1/1/2025,8,4,2,1,3,8,39.4,19
95,LS0023,9/1/2025,42,29,25,6,0,0,68.6,10
96,LS0024,11/1/2025,48,23,14,0,1,6,82.2,14
97,LS0024,12/1/2025,22,16,12,1,1,1,44.8,14
98,LS0024,1/1/2025,22,16,9,1,10,9,72.5,20
99,LS0024,8/1/2025,22,13,9,2,3,2,93.9,23
100,LS0024,10/1/2025,14,9,5,1,11,6,66.7,13
101,LS0025,6/1/2025,31,15,10,0,2,11,22.6,12
102,LS0025,4/1/2025,30,16,11,0,3,12,34.5,24
103,LS0025,11/1/2025,32,19,11,1,7,11,23.3,17
104,LS0026,4/1/2025,32,15,9,2,3,8,122.4,22
105,LS0026,7/1/2025,34,23,18,0,3,7,216.5,25
106,LS0026,5/1/2025,37,26,19,1,3,7,139.8,26
107,LS0027,7/1/2025,28,16,10,0,3,4,109.8,18
108,LS0027,10/1/2025,37,17,11,2,5,8,72.9,14
109,LS0027,11/1/2025,39,16,11,1,2,5,34.4,23
110,LS0027,12/1/2025,10,5,3,1,0,6,22.2,18
111,LS0027,5/1/2025,39,20,10,3,1,5,98.9,26
112,LS0027,3/1/2025,20,10,8,3,1,8,31.6,20
113,LS0028,2/1/2025,45,19,13,5,1,2,11.8,22
114,LS0028,1/1/2025,55,26,14,6,2,4,36.5,23
115,LS0028,11/1/2025,32,18,13,3,2,12,26.9,25
116,LS0028,6/1/2025,24,14,9,2,3,9,36.8,13
117,LS0028,12/1/2025,16,12,7,1,2,3,36.1,22
118,LS0029,2/1/2025,22,10,7,2,0,11,56.2,20
119,LS0029,8/1/2025,31,16,12,1,3,4,67.5,12
120,LS0029,1/1/2025,37,27,17,0,5,12,59.5,25
121,LS0030,5/1/2025,25,13,8,3,3,3,30.2,12
122,LS0030,12/1/2025,15,7,5,1,1,10,36.5,23
123,LS0030,8/1/2025,36,16,10,5,6,0,42.6,15
124,LS0030,7/1/2025,30,12,8,1,0,5,28.2,19
125,LS0030,4/1/2025,21,9,6,1,1,7,14.6,22
126,LS0031,6/1/2025,30,19,16,2,2,8,38.9,10
127,LS0031,11/1/2025,23,12,10,2,2,10,33.3,11
128,LS0031,5/1/2025,22,10,6,3,14,7,22.5,25
129,LS0031,3/1/2025,41,30,18,4,3,12,23.2,21
130,LS0031,2/1/2025,8,4,3,1,11,1,50.8,13
131,LS0032,5/1/2025,21,15,10,1,0,6,70.8,21
132,LS0032,6/1/2025,16,10,8,0,15,8,82.9,12
133,LS0032,10/1/2025,50,37,29,1,2,1,69.8,26
134,LS0032,9/1/2025,22,11,6,1,2,7,44.7,19
135,LS0032,12/1/2025,34,23,16,3,0,0,118.6,22
136,LS0033,1/1/2025,23,12,7,1,0,9,33.4,12
137,LS0033,9/1/2025,34,19,14,4,3,0,42,15
138,LS0033,2/1/2025,9,4,3,1,11,6,35.8,15
139,LS0033,3/1/2025,34,15,11,2,2,7,38,20
140,LS0033,6/1/2025,29,21,16,1,15,8,13.9,12
141,LS0033,12/1/2025,23,11,8,2,0,3,26.1,14
142,LS0034,4/1/2025,15,10,6,2,8,8,109.8,15
143,LS0034,9/1/2025,17,10,7,1,3,12,59.9,22
144,LS0035,10/1/2025,17,7,6,0,6,3,92.5,20
145,LS0035,12/1/2025,23,14,10,3,6,0,31.2,15
146,LS0035,3/1/2025,28,13,11,3,3,11,103,18
147,LS0036,1/1/2025,24,10,7,0,1,6,87.6,14
148,LS0036,3/1/2025,45,22,16,6,0,3,70.3,15
149,LS0036,4/1/2025,12,7,6,0,15,0,63.9,19
150,LS0036,10/1/2025,17,8,6,1,6,3,99.7,19
151,LS0036,6/1/2025,22,14,11,1,14,5,63.9,26
152,LS0037,1/1/2025,52,21,11,7,0,10,85.1,11
153,LS0038,10/1/2025,10,7,6,0,2,8,101.8,26
154,LS0038,1/1/2025,24,17,12,0,11,1,47.6,14
155,LS0038,2/1/2025,41,21,11,1,3,7,64.7,15
156,LS0039,4/1/2025,16,10,5,1,12,7,39.8,14
157,LS0039,5/1/2025,24,14,10,3,9,0,26.1,15
158,LS0039,11/1/2025,35,18,10,3,6,1,15.7,19
159,LS0039,3/1/2025,37,19,14,3,0,12,25.4,16
160,LS0040,1/1/2025,28,16,10,0,3,8,80,22
161,LS0041,5/1/2025,7,5,3,1,12,7,20.1,26
162,LS0041,2/1/2025,41,27,17,5,2,10,13.1,21
163,LS0041,12/1/2025,31,21,11,2,7,12,34.7,26
164,LS0041,6/1/2025,19,11,7,1,1,9,34.7,18
165,LS0041,3/1/2025,40,29,17,5,0,3,44.6,23
166,LS0042,3/1/2025,26,11,8,0,2,7,161.6,25
167,LS0042,7/1/2025,18,9,6,2,14,7,105.6,17
168,LS0042,12/1/2025,25,15,12,1,0,9,90.2,20
169,LS0042,9/1/2025,13,9,5,1,3,7,182.6,20
170,LS0042,1/1/2025,17,12,10,1,11,5,113.2,26
171,LS0043,3/1/2025,34,14,11,3,1,4,49,23
172,LS0043,4/1/2025,43,18,13,6,3,10,45.4,10
173,LS0044,8/1/2025,35,21,11,1,0,4,34.4,15
174,LS0044,12/1/2025,50,25,17,6,3,7,50.5,18
175,LS0044,5/1/2025,43,25,20,2,7,9,31.5,19
176,LS0044,4/1/2025,31,22,15,1,7,8,12.7,16
177,LS0045,5/1/2025,48,23,15,3,1,9,145.3,13
178,LS0046,9/1/2025,15,11,7,0,7,2,119.1,13
179,LS0046,2/1/2025,25,11,7,1,6,12,82.3,24
180,LS0046,3/1/2025,14,9,7,1,9,5,107.6,24
181,LS0047,4/1/2025,29,20,10,2,0,1,40.7,10
182,LS0047,6/1/2025,19,8,4,2,0,8,23.4,23
183,LS0047,5/1/2025,17,8,4,1,4,3,18.3,20
184,LS0048,7/1/2025,39,23,14,2,2,2,26.9,19
185,LS0048,5/1/2025,27,13,7,1,6,11,39.3,15
186,LS0048,3/1/2025,36,22,12,1,7,12,22.1,16
187,LS0048,6/1/2025,19,12,8,2,8,0,34.7,13
188,LS0049,3/1/2025,19,13,11,3,8,1,76.7,13
189,LS0049,6/1/2025,41,29,15,3,5,11,84,11
190,LS0049,1/1/2025,18,9,6,1,0,8,104.3,26
191,LS0049,9/1/2025,49,27,22,3,2,10,82.5,19
192,LS0050,7/1/2025,34,14,11,4,1,7,134.2,18
193,LS0050,9/1/2025,10,7,6,1,5,2,158.9,15
194,LS0050,8/1/2025,56,36,30,4,1,7,191.5,26
195,LS0051,4/1/2025,28,14,9,3,14,5,50.2,26
196,LS0051,7/1/2025,24,15,9,3,3,3,77.2,11
197,LS0051,3/1/2025,12,7,4,1,15,5,72.8,12
198,LS0052,9/1/2025,33,14,9,4,0,8,123.4,22
199,LS0052,11/1/2025,10,7,4,1,15,6,127.9,15
200,LS0052,8/1/2025,35,24,15,1,7,11,199.7,21
201,LS0052,5/1/2025,36,16,11,2,1,4,81.5,17
202,LS0052,4/1/2025,15,10,7,2,11,6,153.5,13
203,LS0052,6/1/2025,27,14,11,3,3,2,166.5,25
204,LS0053,1/1/2025,26,14,11,2,1,3,181.2,10
205,LS0053,4/1/2025,21,9,5,1,0,1,201.8,14
206,LS0053,11/1/2025,21,12,7,0,6,7,126,11
207,LS0054,5/1/2025,21,13,9,2,0,3,48.7,19
208,LS0054,6/1/2025,39,24,19,0,5,2,5.5,10
209,LS0054,4/1/2025,11,8,5,1,8,5,17.6,11
210,LS0055,11/1/2025,26,19,10,3,6,6,73.2,12
211,LS0055,1/1/2025,61,27,19,2,2,10,213.3,11
212,LS0055,12/1/2025,25,11,6,3,12,0,166.9,24
213,LS0055,5/1/2025,10,5,3,1,13,8,206,20
214,LS0055,9/1/2025,27,17,11,3,2,11,130.5,23
215,LS0056,7/1/2025,32,24,14,2,2,6,30.3,24
216,LS0056,3/1/2025,32,13,8,1,2,5,34.2,16
217,LS0056,11/1/2025,44,27,20,1,1,10,37.7,11
218,LS0056,4/1/2025,45,19,16,1,2,7,24.6,15
219,LS0056,12/1/2025,23,15,9,1,2,9,22.5,20
220,LS0056,5/1/2025,35,22,15,4,0,9,34.5,19
221,LS0057,2/1/2025,24,17,14,4,3,11,148.8,24
222,LS0057,12/1/2025,24,13,11,2,2,12,199,16
223,LS0057,11/1/2025,18,9,6,1,15,3,218.7,10
224,LS0057,8/1/2025,13,8,7,0,1,7,176.3,19
225,LS0058,10/1/2025,54,33,26,7,5,4,88,15
226,LS0058,4/1/2025,20,13,11,2,1,2,95.9,23
227,LS0058,12/1/2025,46,26,21,3,2,2,36,24
228,LS0059,8/1/2025,36,20,15,1,2,10,78.8,23
229,LS0059,12/1/2025,46,30,20,5,3,9,22.7,15
230,LS0059,11/1/2025,17,10,6,3,0,7,63.3,21
231,LS0059,9/1/2025,8,5,4,0,8,3,68.7,13
232,LS0060,7/1/2025,21,14,7,3,0,3,121.7,14
233,LS0060,4/1/2025,23,10,8,1,1,4,98,20
234,LS0060,5/1/2025,13,8,5,0,11,0,90.2,13
235,LS0060,9/1/2025,36,24,17,2,3,6,69.7,17
236,LS0060,10/1/2025,36,25,16,3,1,11,71,15
237,LS0061,5/1/2025,21,8,5,3,0,1,36,24
238,LS0061,10/1/2025,14,6,5,1,2,0,12.8,26
239,LS0061,2/1/2025,13,6,5,2,2,7,39.5,22
240,LS0062,8/1/2025,38,18,15,2,3,4,211.5,17
241,LS0062,9/1/2025,35,15,11,2,2,10,225.9,20
242,LS0062,4/1/2025,17,8,6,2,3,8,102,25
243,LS0062,12/1/2025,20,14,10,2,9,0,169.1,10
244,LS0062,1/1/2025,11,6,5,0,0,12,159.9,21
245,LS0062,7/1/2025,37,20,11,0,1,11,126,11
246,LS0063,10/1/2025,34,16,13,4,0,0,42.8,10
247,LS0063,7/1/2025,50,30,22,5,3,4,83.5,25
248,LS0063,6/1/2025,14,6,3,1,2,12,76.3,19
249,LS0064,6/1/2025,13,9,7,1,2,9,92,16
250,LS0064,12/1/2025,34,15,12,5,3,4,86,19
251,LS0064,11/1/2025,7,4,3,1,3,9,94.7,20
252,LS0064,5/1/2025,11,6,3,0,3,2,102.4,13
253,LS0064,8/1/2025,22,12,8,3,13,0,94.8,24
254,LS0065,10/1/2025,18,9,7,1,1,5,110.3,23
255,LS0065,9/1/2025,57,24,20,5,7,3,73.6,26
256,LS0065,12/1/2025,34,23,12,2,0,1,112.3,15
257,LS0066,5/1/2025,16,7,4,2,0,2,16.4,26
258,LS0066,10/1/2025,20,11,7,2,12,5,12.3,11
259,LS0066,9/1/2025,31,20,12,1,2,0,22.3,17
260,LS0067,2/1/2025,14,10,8,0,2,7,18.3,19
261,LS0067,10/1/2025,35,25,18,4,0,1,35.5,17
262,LS0067,8/1/2025,39,20,12,2,3,6,27.7,14
263,LS0067,5/1/2025,26,11,6,2,0,10,19.5,20
264,LS0067,9/1/2025,17,12,9,1,0,3,40.8,15
265,LS0068,3/1/2025,46,20,17,7,4,1,48.1,22
266,LS0068,10/1/2025,34,15,11,4,0,9,68.5,21
267,LS0068,6/1/2025,12,9,7,1,4,12,75.9,23
268,LS0068,12/1/2025,43,19,14,3,2,4,70.7,17
269,LS0068,11/1/2025,55,28,22,3,0,7,93.3,11
270,LS0068,5/1/2025,23,16,13,3,4,8,114,24
271,LS0069,3/1/2025,23,14,12,3,9,0,89.1,25
272,LS0069,11/1/2025,22,14,12,3,0,4,44,18
273,LS0070,7/1/2025,21,13,9,1,8,2,37.9,22
274,LS0070,10/1/2025,30,15,12,4,7,8,17.1,19
275,LS0070,4/1/2025,9,5,4,1,9,9,53.9,10
276,LS0070,6/1/2025,10,6,3,0,0,8,34.7,12
277,LS0071,8/1/2025,24,15,12,1,0,12,86.4,21
278,LS0071,2/1/2025,28,15,8,2,3,9,90.8,16
279,LS0071,11/1/2025,56,28,21,4,5,0,60.9,10
280,LS0071,12/1/2025,58,28,23,5,1,4,125.9,25
281,LS0071,6/1/2025,17,9,6,0,8,5,83.3,16
282,LS0072,8/1/2025,26,12,10,3,9,4,49.5,25
283,LS0072,12/1/2025,38,18,12,3,0,9,81.1,25
284,LS0072,3/1/2025,30,15,10,1,3,8,123.6,14
285,LS0073,7/1/2025,33,15,11,3,7,4,27.3,23
286,LS0073,8/1/2025,16,10,7,0,14,5,42.8,13
287,LS0073,3/1/2025,26,12,9,2,1,10,8.8,15
288,LS0073,9/1/2025,42,22,13,3,2,5,51.9,26
289,LS0074,4/1/2025,53,36,22,7,0,12,188.9,25
290,LS0074,2/1/2025,18,13,11,1,1,10,118.1,25
291,LS0074,7/1/2025,37,26,14,0,3,0,169.3,21
292,LS0074,12/1/2025,30,12,9,4,0,3,164.7,17
293,LS0074,6/1/2025,19,8,5,2,12,5,187.5,10
294,LS0074,9/1/2025,15,10,8,2,1,4,179.6,16
295,LS0075,7/1/2025,12,6,5,0,4,3,124.7,24
296,LS0075,3/1/2025,7,3,2,1,11,8,168.6,23
297,LS0075,8/1/2025,17,8,5,0,4,1,129.3,23
298,LS0076,1/1/2025,48,30,16,1,1,3,155.4,19
299,LS0076,6/1/2025,28,16,12,2,7,9,167,26
300,LS0076,10/1/2025,11,5,3,1,8,6,214.5,17
301,LS0077,12/1/2025,35,16,11,1,2,9,99.6,25
302,LS0077,6/1/2025,20,14,8,1,13,4,156.7,10
303,LS0077,1/1/2025,51,28,23,1,6,7,128.8,22
304,LS0077,8/1/2025,23,17,11,1,1,6,202.6,25
305,LS0078,2/1/2025,43,29,23,5,6,12,41.8,21
306,LS0078,11/1/2025,45,21,13,2,0,8,30.7,13
307,LS0078,12/1/2025,31,16,10,3,2,0,24.6,21
308,LS0079,7/1/2025,28,20,16,4,3,9,183.1,19
309,LS0079,11/1/2025,22,10,6,2,0,8,168.1,15
310,LS0079,9/1/2025,30,15,8,3,0,0,152.3,20
311,LS0079,1/1/2025,23,12,9,2,1,11,106.9,19
312,LS0079,10/1/2025,23,12,8,1,2,1,202.1,21
313,LS0080,10/1/2025,20,13,9,1,7,2,105.6,10
314,LS0080,1/1/2025,16,9,7,2,13,5,68.9,12
315,LS0080,11/1/2025,16,8,5,1,2,12,78,26
316,LS0080,5/1/2025,30,14,7,4,3,9,69.2,17
317,LS0081,3/1/2025,22,14,8,1,8,0,61.2,20
318,LS0081,5/1/2025,21,12,7,2,3,5,229.6,20
319,LS0082,12/1/2025,29,16,12,2,2,9,40.8,13
320,LS0082,3/1/2025,34,17,10,1,1,0,23.5,19
321,LS0082,2/1/2025,13,7,6,1,2,12,47.7,24
322,LS0082,6/1/2025,25,14,11,2,15,0,23.6,16
323,LS0083,2/1/2025,57,41,35,5,0,3,14.5,21
324,LS0083,9/1/2025,6,3,2,1,15,0,24.3,26
325,LS0083,5/1/2025,10,7,4,1,9,0,37,25
326,LS0084,5/1/2025,32,13,7,0,1,10,106.7,13
327,LS0084,6/1/2025,30,20,15,1,3,2,81.1,15
328,LS0084,12/1/2025,29,19,12,4,1,5,105.4,13
329,LS0084,2/1/2025,19,10,7,1,12,3,34.1,16
330,LS0084,9/1/2025,14,6,3,1,12,0,34.5,12
331,LS0085,8/1/2025,29,17,9,4,8,8,218.7,17
332,LS0085,6/1/2025,56,30,20,3,3,9,221.3,23
333,LS0085,1/1/2025,29,17,9,3,0,9,178.2,15
334,LS0085,4/1/2025,32,15,8,2,3,2,122,12
335,LS0085,3/1/2025,53,27,17,7,6,10,237.5,13
336,LS0085,7/1/2025,23,12,6,0,4,8,195.7,17
337,LS0086,10/1/2025,21,8,6,1,15,5,82.2,24
338,LS0087,1/1/2025,29,12,7,2,6,11,102.9,21
339,LS0087,4/1/2025,40,30,21,1,5,2,45.4,14
340,LS0087,7/1/2025,10,5,3,1,8,1,89.8,14
341,LS0088,12/1/2025,48,23,12,5,3,4,120.6,20
342,LS0088,2/1/2025,21,10,8,1,10,1,99,24
343,LS0088,3/1/2025,36,21,15,0,2,10,195.7,16
344,LS0088,11/1/2025,19,11,8,1,5,7,220.5,19
345,LS0088,8/1/2025,39,20,16,3,1,1,163,21
346,LS0089,8/1/2025,42,24,17,3,2,7,47.2,23
347,LS0089,9/1/2025,23,13,10,3,0,0,112.3,25
348,LS0089,12/1/2025,21,13,7,2,7,10,64.8,26
349,LS0089,4/1/2025,46,22,17,2,3,7,102.9,12
350,LS0089,10/1/2025,11,5,3,0,13,7,95.8,20
351,LS0090,12/1/2025,29,18,10,4,3,9,194.8,11
352,LS0090,1/1/2025,36,26,13,3,3,8,65.6,20
353,LS0090,10/1/2025,18,10,7,1,8,4,168.4,22
354,LS0090,9/1/2025,39,27,23,5,0,12,132,14
355,LS0090,7/1/2025,35,26,16,2,0,6,193.6,23
356,LS0090,2/1/2025,33,13,9,1,4,0,131.7,16
357,LS0091,1/1/2025,21,10,6,2,13,0,75.2,19
358,LS0091,7/1/2025,29,15,11,0,0,3,82.1,13
359,LS0091,6/1/2025,15,10,8,1,3,6,72.2,20
360,LS0092,12/1/2025,43,30,16,6,0,2,81.6,23
361,LS0092,1/1/2025,60,40,27,3,2,7,26.6,15
362,LS0092,9/1/2025,31,23,16,0,1,2,96.1,10
363,LS0092,10/1/2025,21,9,7,3,8,8,102.9,23
364,LS0092,2/1/2025,19,13,9,3,10,1,95.1,17
365,LS0092,11/1/2025,13,5,3,1,8,8,96.2,11
366,LS0093,7/1/2025,26,12,6,2,2,6,49.9,17
367,LS0093,6/1/2025,29,16,12,3,1,5,42.6,26
368,LS0093,8/1/2025,47,27,16,4,3,2,43.3,20
369,LS0093,9/1/2025,23,16,13,1,14,1,26.4,21
370,LS0093,3/1/2025,28,19,16,3,1,6,21,19
371,LS0093,11/1/2025,31,16,13,1,12,4,42,26
372,LS0094,7/1/2025,22,12,9,1,0,10,35.5,26
373,LS0094,2/1/2025,25,15,13,2,1,11,53.9,14
374,LS0094,8/1/2025,27,15,13,4,4,8,26.7,12
375,LS0094,9/1/2025,30,16,8,3,1,0,35.3,16
376,LS0095,8/1/2025,7,3,2,1,1,6,56.3,14
377,LS0095,6/1/2025,30,15,11,3,3,11,35.4,15
378,LS0095,9/1/2025,12,6,4,0,2,11,43.1,20
379,LS0095,7/1/2025,11,8,6,1,13,0,46.6,23
380,LS0095,12/1/2025,30,17,9,3,0,7,25.9,12
381,LS0096,8/1/2025,37,20,14,4,0,9,23.8,24
382,LS0096,3/1/2025,17,10,7,0,0,5,31,26
383,LS0096,5/1/2025,23,11,9,3,2,6,9.3,20
384,LS0096,10/1/2025,38,23,18,1,2,7,15.3,19
385,LS0096,2/1/2025,20,15,10,1,0,4,39.6,19
386,LS0096,7/1/2025,22,10,7,3,4,11,27.6,19
387,LS0097,12/1/2025,17,11,8,1,1,5,37,14
388,LS0097,8/1/2025,41,28,15,3,2,4,48.7,10
389,LS0097,5/1/2025,32,16,9,3,2,7,22.7,10
390,LS0098,7/1/2025,54,23,16,4,0,4,35.4,25
391,LS0099,6/1/2025,14,9,5,0,5,3,109.5,22
392,LS0099,9/1/2025,15,10,5,2,0,12,220.8,12
393,LS0100,11/1/2025,47,29,22,5,2,12,33.6,21
394,LS0100,5/1/2025,23,10,7,2,2,8,20.3,14
395,LS0100,1/1/2025,31,22,17,4,3,4,34.7,20
396,LS0100,8/1/2025,40,27,23,1,3,0,34.3,11
397,LS0101,11/1/2025,50,25,14,7,3,2,70.2,24
398,LS0101,10/1/2025,31,21,17,1,5,3,67.6,14
399,LS0101,7/1/2025,6,3,2,0,5,2,128.7,10
400,LS0102,5/1/2025,45,32,19,3,5,1,102.2,23
401,LS0102,7/1/2025,25,12,6,3,2,8,92,15
402,LS0102,6/1/2025,45,23,15,3,6,11,182.2,19
403,LS0102,11/1/2025,30,19,11,3,0,0,171.2,14
404,LS0102,3/1/2025,15,8,7,2,6,4,88,19
405,LS0102,12/1/2025,19,10,6,3,1,11,129.2,15
406,LS0103,1/1/2025,17,8,6,2,7,4,5.7,23
407,LS0103,8/1/2025,34,22,14,1,12,8,16,12
408,LS0103,6/1/2025,27,19,11,3,5,0,31.2,23
409,LS0103,2/1/2025,30,14,12,3,0,1,36.3,19
410,LS0103,3/1/2025,23,13,11,1,5,6,34.7,17
411,LS0103,4/1/2025,24,14,9,1,2,0,17,24
412,LS0104,5/1/2025,21,15,12,0,8,8,31.1,12
413,LS0104,6/1/2025,8,4,2,0,11,0,14.1,24
414,LS0104,1/1/2025,23,10,7,2,3,10,31.3,13
415,LS0104,10/1/2025,38,22,17,6,2,4,46.3,11
416,LS0104,4/1/2025,35,23,17,0,7,7,36.1,25
417,LS0105,5/1/2025,26,11,8,0,1,11,112.7,10
418,LS0105,12/1/2025,28,16,12,4,3,0,68.9,23
419,LS0105,6/1/2025,56,31,24,2,6,4,21.9,20
420,LS0106,9/1/2025,44,24,14,3,2,2,22.8,24
421,LS0107,6/1/2025,40,30,21,0,4,11,114.6,18
422,LS0107,3/1/2025,22,9,6,3,3,9,122.7,19
423,LS0107,12/1/2025,34,22,15,5,7,8,89.3,21
424,LS0107,8/1/2025,35,23,14,1,1,10,118.9,25
425,LS0107,4/1/2025,6,3,2,0,1,8,91.4,12
426,LS0108,4/1/2025,40,26,14,1,3,1,45.5,13
427,LS0108,8/1/2025,18,9,5,0,3,9,37.4,17
428,LS0108,2/1/2025,24,18,11,3,5,3,28.1,11
429,LS0108,7/1/2025,22,16,13,1,5,0,41.6,23
430,LS0109,9/1/2025,47,23,12,2,3,6,97.6,11
431,LS0109,1/1/2025,33,15,9,1,1,10,58.4,17
432,LS0109,11/1/2025,46,24,17,3,7,1,61.2,25
433,LS0109,2/1/2025,24,15,10,2,1,6,90.4,11
434,LS0109,4/1/2025,25,15,8,3,10,8,67.8,26
435,LS0110,4/1/2025,55,34,22,4,6,4,51.1,14
436,LS0110,7/1/2025,40,29,23,2,1,10,5.7,14
437,LS0110,3/1/2025,40,19,13,5,3,10,28.4,25
438,LS0111,6/1/2025,41,23,20,3,5,5,81.7,17
439,LS0112,12/1/2025,20,9,5,2,12,7,238.1,13
440,LS0112,7/1/2025,15,11,9,0,11,6,137.2,25
441,LS0112,11/1/2025,32,17,14,5,1,5,62.2,16
442,LS0113,1/1/2025,44,28,23,2,5,4,92.6,12
443,LS0113,11/1/2025,19,13,10,2,3,1,116.9,19
444,LS0113,8/1/2025,17,12,9,1,12,0,83,15
445,LS0113,6/1/2025,20,9,6,0,4,0,89.2,21
446,LS0113,4/1/2025,18,9,6,2,2,3,71.1,24
447,LS0113,12/1/2025,40,24,14,3,2,2,88.5,19
448,LS0114,10/1/2025,42,26,20,1,5,10,77.6,10
449,LS0114,2/1/2025,40,28,20,2,1,10,63.2,26
450,LS0114,4/1/2025,29,16,9,2,1,10,118,13
451,LS0114,6/1/2025,39,18,14,4,5,5,188.3,23
452,LS0114,5/1/2025,35,26,20,2,0,3,140.4,13
453,LS0115,6/1/2025,30,19,11,3,0,6,169.4,25
454,LS0115,2/1/2025,56,23,14,8,7,7,201.3,17
455,LS0115,11/1/2025,46,28,16,2,2,12,186.1,13
456,LS0115,3/1/2025,30,21,16,3,1,1,142.9,25
457,LS0116,5/1/2025,17,12,6,2,14,7,40.2,15
458,LS0116,3/1/2025,14,10,8,0,15,1,37.1,20
459,LS0117,11/1/2025,31,23,13,1,4,1,103.1,16
460,LS0117,8/1/2025,32,24,14,3,1,8,194.9,13
461,LS0117,1/1/2025,36,22,17,5,3,2,201.6,25
462,LS0118,6/1/2025,31,22,15,0,2,4,243,12
463,LS0118,5/1/2025,11,7,5,1,5,1,202.8,25
464,LS0118,10/1/2025,26,17,11,2,1,6,111.9,22
465,LS0118,4/1/2025,28,13,8,4,1,11,124.4,15
466,LS0118,1/1/2025,41,25,18,4,2,3,173.3,18
467,LS0119,2/1/2025,37,25,14,3,2,4,56.9,13
468,LS0120,2/1/2025,27,16,13,3,3,0,29.6,21
469,LS0121,8/1/2025,12,8,7,1,0,12,36.3,13
470,LS0122,2/1/2025,31,16,9,3,2,0,32.9,25
471,LS0122,5/1/2025,40,25,20,0,5,11,40.5,25
472,LS0123,7/1/2025,22,13,7,1,3,8,31.7,10
473,LS0123,2/1/2025,18,8,5,2,1,8,45.4,16
474,LS0123,4/1/2025,28,17,10,3,1,5,26.9,22
475,LS0123,12/1/2025,38,23,17,0,1,7,15.7,24
476,LS0123,8/1/2025,7,4,3,1,11,0,23.4,22
477,LS0123,10/1/2025,35,14,10,1,4,1,25.9,20
478,LS0124,9/1/2025,33,14,7,3,2,3,160.8,13
479,LS0124,7/1/2025,27,12,10,4,5,8,118.5,10
480,LS0124,8/1/2025,40,28,20,4,3,0,224.8,16
481,LS0124,6/1/2025,29,14,12,3,5,3,103.4,20
482,LS0124,12/1/2025,19,10,6,1,7,6,139.5,26
483,LS0124,4/1/2025,32,15,12,4,2,1,92.5,18
484,LS0125,5/1/2025,29,17,11,0,3,8,32.8,16
485,LS0125,1/1/2025,16,9,6,1,8,0,49.6,17
486,LS0125,4/1/2025,23,10,7,3,0,1,13.4,18
487,LS0125,11/1/2025,16,9,5,2,0,9,41.2,18
488,LS0126,4/1/2025,29,20,15,2,0,2,119.9,11
489,LS0126,7/1/2025,34,18,13,3,2,2,99.2,20
490,LS0126,3/1/2025,46,32,25,0,0,7,89,16
491,LS0126,6/1/2025,25,18,11,1,3,5,130.5,25
492,LS0127,10/1/2025,25,11,9,1,0,9,78.6,25
493,LS0128,5/1/2025,42,29,15,5,3,4,171,12
494,LS0128,3/1/2025,22,13,8,3,13,10,153.2,15
495,LS0128,4/1/2025,41,23,17,0,2,8,121.5,12
496,LS0129,1/1/2025,32,21,16,0,4,7,16.1,17
497,LS0129,8/1/2025,32,23,13,2,1,7,32.6,20
498,LS0129,9/1/2025,20,8,5,1,3,6,42.7,17
499,LS0130,3/1/2025,50,22,12,2,3,2,176,23
500,LS0130,9/1/2025,39,19,13,4,6,2,120.1,21
501,LS0130,2/1/2025,45,25,15,0,1,5,158.2,20
502,LS0130,8/1/2025,36,16,10,4,6,9,178.2,15
503,LS0131,8/1/2025,33,18,15,4,1,11,27.2,22
504,LS0131,6/1/2025,27,14,7,0,2,11,41.7,23
505,LS0131,11/1/2025,28,12,9,3,1,10,25.8,15
506,LS0131,1/1/2025,34,17,9,4,2,7,28.2,12
507,LS0132,5/1/2025,5,4,2,0,2,2,16.8,26
508,LS0132,2/1/2025,37,24,13,2,1,5,44.5,22
509,LS0132,9/1/2025,36,20,17,3,3,0,43.7,23
510,LS0133,8/1/2025,18,9,6,1,2,8,173.7,17
511,LS0133,4/1/2025,29,12,7,0,3,6,76.5,22
512,LS0133,10/1/2025,26,17,13,2,14,1,199.8,10
513,LS0133,6/1/2025,17,11,6,2,13,4,154.6,17
514,LS0133,2/1/2025,24,17,9,2,1,10,162,19
515,LS0133,5/1/2025,18,13,11,3,0,9,104.3,14
516,LS0134,3/1/2025,14,6,3,2,2,0,36.5,12
517,LS0134,4/1/2025,22,10,5,1,10,0,40.7,25
518,LS0134,11/1/2025,18,9,5,2,2,4,36.2,17
519,LS0134,9/1/2025,9,4,3,1,0,6,40.6,25
520,LS0135,7/1/2025,10,5,3,1,1,10,60.9,19
521,LS0135,1/1/2025,35,25,15,3,3,8,98.2,12
522,LS0135,4/1/2025,21,15,8,3,5,12,92.3,26
523,LS0135,9/1/2025,45,23,19,6,5,12,110.7,17
524,LS0135,10/1/2025,31,23,15,3,2,6,62.5,20
525,LS0136,12/1/2025,27,18,14,2,3,4,27.3,22
526,LS0136,8/1/2025,35,17,10,5,1,1,28.3,15
527,LS0137,3/1/2025,24,13,11,2,11,0,101,24
528,LS0137,11/1/2025,14,6,3,1,8,4,144.9,23
529,LS0137,1/1/2025,20,11,7,2,8,1,123.3,12
530,LS0138,7/1/2025,10,7,5,1,3,6,50.2,24
531,LS0139,8/1/2025,17,12,7,0,2,9,53.2,14
532,LS0139,6/1/2025,11,7,4,1,14,0,14,26
533,LS0139,12/1/2025,43,23,17,5,2,4,27.7,11
534,LS0139,9/1/2025,19,14,9,0,9,0,17.1,19
535,LS0139,7/1/2025,20,14,8,2,12,8,37.6,17
536,LS0139,5/1/2025,31,18,12,2,2,3,26.5,11
537,LS0140,9/1/2025,14,6,5,2,3,0,71.5,20
538,LS0140,3/1/2025,30,14,10,4,1,3,69.5,18
539,LS0140,5/1/2025,30,20,17,3,2,11,91.7,12
540,LS0140,2/1/2025,39,16,10,2,2,10,98.6,20
541,LS0141,9/1/2025,31,22,18,4,1,1,20.1,22
542,LS0141,11/1/2025,11,6,4,1,0,7,27.6,19
543,LS0141,7/1/2025,11,5,3,1,0,6,31.4,16
544,LS0141,3/1/2025,26,19,10,2,1,12,33.1,23
545,LS0142,4/1/2025,22,9,7,1,3,2,87.4,21
546,LS0142,8/1/2025,39,26,14,1,2,9,50.9,17
547,LS0142,11/1/2025,45,22,14,2,3,4,78.6,15
548,LS0142,2/1/2025,16,7,6,1,8,6,36.6,21
549,LS0142,12/1/2025,46,28,22,6,6,9,83.3,23
550,LS0143,6/1/2025,30,14,11,4,3,10,34.9,26
551,LS0143,5/1/2025,27,12,7,1,3,2,23.3,18
552,LS0143,12/1/2025,14,7,5,2,8,0,45.4,14
553,LS0143,2/1/2025,20,12,8,1,4,1,22.4,20
554,LS0143,8/1/2025,39,22,18,2,2,4,50.5,18
555,LS0143,9/1/2025,37,28,19,5,1,9,21.4,13
556,LS0144,9/1/2025,11,7,5,1,9,4,26.6,21
557,LS0144,10/1/2025,30,14,11,3,3,8,24.7,11
558,LS0144,4/1/2025,5,2,1,1,10,5,27.3,19
559,LS0145,4/1/2025,31,20,10,2,11,2,29.6,17
560,LS0145,6/1/2025,36,24,20,4,0,11,26.8,24
561,LS0145,8/1/2025,26,19,11,1,0,7,43.1,17
562,LS0146,4/1/2025,22,12,6,3,3,0,14.1,23
563,LS0146,2/1/2025,10,6,4,1,0,9,33.4,12
564,LS0146,3/1/2025,32,19,10,0,2,0,49,10
565,LS0146,5/1/2025,13,9,7,1,13,0,26.7,12
566,LS0146,12/1/2025,18,11,7,1,2,5,37.9,18
567,LS0146,8/1/2025,40,30,25,4,5,8,24.1,14
568,LS0147,11/1/2025,40,19,14,3,3,0,69.8,12
569,LS0147,5/1/2025,33,20,10,2,6,7,137.1,10
570,LS0147,9/1/2025,20,12,7,0,0,1,154.4,13
571,LS0147,1/1/2025,26,13,8,3,0,10,104.4,12
572,LS0147,7/1/2025,29,15,12,4,3,9,154,10
573,LS0148,3/1/2025,14,10,8,0,9,6,103,26
574,LS0148,4/1/2025,37,25,20,3,0,7,69.5,14
575,LS0148,12/1/2025,16,9,6,1,3,0,101.6,11
576,LS0148,11/1/2025,56,25,13,3,2,0,70.1,26
577,LS0148,9/1/2025,15,9,7,2,12,6,91.6,11
578,LS0148,1/1/2025,36,15,8,2,2,4,55.4,25
579,LS0149,12/1/2025,40,24,18,1,0,4,118.6,13
580,LS0149,5/1/2025,26,18,15,4,1,5,81.2,18
581,LS0149,6/1/2025,31,23,17,1,3,9,106.6,19
582,LS0149,8/1/2025,37,17,11,1,6,6,84,11
583,LS0150,7/1/2025,13,6,4,2,2,11,204,25
584,LS0150,6/1/2025,30,22,14,4,0,10,183.6,23
585,LS0150,2/1/2025,21,12,7,1,4,2,142.6,14
586,LS0150,1/1/2025,27,14,10,3,3,9,160.9,22
587,LS0151,6/1/2025,21,12,7,3,3,6,71.8,23
588,LS0151,3/1/2025,32,23,15,5,2,9,83.5,23
589,LS0151,9/1/2025,7,4,3,1,3,7,78.8,15
590,LS0151,8/1/2025,38,23,16,4,1,12,93.4,10
591,LS0151,12/1/2025,47,22,18,1,2,4,80.1,23
592,LS0152,11/1/2025,44,22,17,6,6,11,84.4,26
593,LS0152,6/1/2025,23,11,6,3,9,1,96.3,13
594,LS0153,3/1/2025,16,11,8,0,14,9,25.5,24
595,LS0153,2/1/2025,32,14,12,3,10,0,39.8,18
596,LS0153,8/1/2025,64,43,26,6,6,12,45.3,24
597,LS0153,11/1/2025,13,9,7,2,4,0,24.5,21
598,LS0154,10/1/2025,34,21,17,1,2,7,30.4,21
599,LS0154,5/1/2025,46,32,17,7,0,7,39.5,25
600,LS0154,8/1/2025,42,20,16,5,2,0,47,22
601,LS0155,3/1/2025,33,14,8,3,0,5,107.4,18
602,LS0155,12/1/2025,29,19,10,3,5,2,86.7,16
603,LS0155,10/1/2025,21,13,7,1,9,9,78.2,20
604,LS0156,9/1/2025,21,15,10,1,3,8,16.3,16
605,LS0156,5/1/2025,33,21,11,1,1,3,25.2,23
606,LS0156,1/1/2025,27,19,10,3,1,6,6,17
607,LS0156,11/1/2025,33,14,7,2,3,7,25.9,10
608,LS0157,8/1/2025,34,24,16,5,2,12,38.3,20
609,LS0158,12/1/2025,26,18,14,3,2,1,39.2,21
610,LS0158,7/1/2025,19,9,6,2,15,0,34.7,16
611,LS0158,3/1/2025,37,21,17,2,4,4,34.4,22
612,LS0158,5/1/2025,20,14,12,1,7,0,20,20
613,LS0158,8/1/2025,17,8,5,1,10,2,29.9,16
614,LS0158,9/1/2025,22,16,10,2,15,0,27.3,24
615,LS0159,6/1/2025,42,23,14,1,4,1,103.2,21
616,LS0159,12/1/2025,29,18,12,2,1,12,113.3,16
617,LS0159,2/1/2025,13,9,5,0,14,0,68,12
618,LS0159,5/1/2025,49,35,26,1,1,3,81.9,17
619,LS0160,2/1/2025,17,12,7,2,0,5,34.3,14
620,LS0160,7/1/2025,42,31,21,6,1,2,109.3,26
621,LS0160,12/1/2025,29,12,10,0,0,5,104.7,20
622,LS0160,3/1/2025,15,9,7,2,5,11,69.2,26
623,LS0160,4/1/2025,62,37,28,8,0,7,68.5,26
624,LS0160,6/1/2025,37,15,11,4,5,6,107.6,21
625,LS0161,12/1/2025,14,10,7,2,15,0,21.6,24
626,LS0161,10/1/2025,39,26,19,0,7,9,36.6,15
627,LS0161,6/1/2025,36,20,11,3,7,4,47.9,19
628,LS0161,5/1/2025,36,20,11,1,2,6,19.1,21
629,LS0161,9/1/2025,23,11,9,0,12,0,27.7,16
630,LS0161,4/1/2025,29,20,15,3,7,2,11.5,16
631,LS0162,3/1/2025,29,18,10,2,0,7,68.4,10
632,LS0162,2/1/2025,20,11,9,2,13,2,77.2,26
633,LS0162,8/1/2025,40,17,12,1,7,5,96.1,22
634,LS0162,6/1/2025,20,10,6,3,12,3,49.3,13
635,LS0162,1/1/2025,27,15,11,0,2,7,51.9,14
636,LS0162,10/1/2025,7,4,3,0,1,8,72,16
637,LS0163,10/1/2025,44,31,21,1,0,4,148.6,15
638,LS0163,3/1/2025,45,22,14,6,2,0,140.7,15
639,LS0163,8/1/2025,22,12,8,3,0,9,89.8,26
640,LS0164,3/1/2025,35,18,15,2,4,2,102.2,19
641,LS0164,10/1/2025,34,18,12,2,2,2,78.6,23
642,LS0164,4/1/2025,29,16,13,3,6,0,50,15
643,LS0164,5/1/2025,14,9,7,1,11,0,105.1,18
644,LS0164,11/1/2025,25,15,11,2,15,2,86.4,18
645,LS0164,8/1/2025,14,8,4,0,1,0,91.6,17
646,LS0165,5/1/2025,39,25,13,4,2,1,68,19
647,LS0165,1/1/2025,34,21,15,2,1,12,118.6,19
648,LS0165,8/1/2025,25,14,11,2,1,9,41.5,16
649,LS0165,12/1/2025,18,10,5,3,1,1,71.1,24
650,LS0166,10/1/2025,57,26,18,2,1,2,125.7,13
651,LS0166,9/1/2025,45,29,19,7,7,1,203.2,13
652,LS0166,5/1/2025,25,19,13,1,1,8,131,14
653,LS0166,2/1/2025,5,3,2,0,0,11,219.2,18
654,LS0166,1/1/2025,57,37,22,5,0,4,173.1,12
655,LS0166,8/1/2025,17,8,5,2,14,0,80.3,20
656,LS0167,6/1/2025,20,13,8,3,1,11,124.2,12
657,LS0167,8/1/2025,39,22,15,2,1,8,28.2,14
658,LS0167,2/1/2025,26,14,10,4,2,12,84.1,25
659,LS0167,10/1/2025,22,14,11,3,6,8,48.5,23
660,LS0167,1/1/2025,24,12,7,3,2,0,96,24
661,LS0167,3/1/2025,44,32,16,2,0,4,106.5,26
662,LS0168,2/1/2025,40,23,17,2,5,11,93.7,23
663,LS0168,12/1/2025,20,9,5,1,3,7,126.1,26
664,LS0169,10/1/2025,23,9,6,0,4,11,37,15
665,LS0169,4/1/2025,42,24,20,1,6,9,33.4,25
666,LS0169,2/1/2025,31,13,7,3,0,2,39.6,18
667,LS0170,3/1/2025,37,23,19,3,0,3,97.7,12
668,LS0170,11/1/2025,53,32,19,6,1,3,198.7,15
669,LS0170,1/1/2025,28,12,7,1,0,6,162.8,12
670,LS0170,10/1/2025,13,9,7,1,8,6,171.6,18
671,LS0170,9/1/2025,40,16,9,1,1,5,100,13
672,LS0171,3/1/2025,22,15,8,3,0,0,206,19
673,LS0171,5/1/2025,9,4,3,1,13,7,184.5,17
674,LS0171,4/1/2025,22,11,6,2,1,3,126.5,14
675,LS0172,10/1/2025,47,21,13,6,0,1,70,18
676,LS0172,8/1/2025,26,13,7,2,0,2,161.5,11
677,LS0172,4/1/2025,33,23,17,2,14,0,161.1,19
678,LS0172,5/1/2025,22,15,12,1,0,2,140.6,11
679,LS0172,9/1/2025,8,4,3,1,15,7,212.9,25
680,LS0172,3/1/2025,13,6,4,1,6,1,99.7,16
681,LS0173,7/1/2025,45,25,15,1,2,7,65.4,25
682,LS0173,8/1/2025,23,15,10,3,4,9,47.6,25
683,LS0174,11/1/2025,20,13,9,1,13,7,149.8,13
684,LS0174,9/1/2025,24,16,8,0,2,1,87.3,11
685,LS0174,2/1/2025,44,30,22,2,0,5,178.8,25
686,LS0174,6/1/2025,24,16,9,1,14,2,165.1,20
687,LS0174,7/1/2025,44,18,14,0,3,9,112,26
688,LS0174,1/1/2025,35,20,16,1,1,10,170.6,17
689,LS0175,8/1/2025,20,8,6,3,6,11,104.5,25
690,LS0175,12/1/2025,22,9,6,1,0,3,47.7,23
691,LS0176,5/1/2025,49,36,25,3,3,11,77.1,25
692,LS0176,10/1/2025,19,9,6,2,4,6,107.4,21
693,LS0176,9/1/2025,23,9,5,1,13,0,77.6,15
694,LS0177,6/1/2025,22,16,9,2,3,0,177.8,13
695,LS0177,4/1/2025,38,15,12,1,3,12,108.2,20
696,LS0177,5/1/2025,31,22,16,0,13,2,124.2,14
697,LS0177,2/1/2025,15,10,6,1,3,4,247.1,24
698,LS0177,1/1/2025,22,9,5,3,1,8,148.7,11
699,LS0177,10/1/2025,34,18,10,1,0,1,50.8,26
700,LS0178,6/1/2025,34,23,15,3,0,1,41.9,13
701,LS0178,3/1/2025,21,12,7,2,10,0,14.3,16
702,LS0178,8/1/2025,22,16,14,0,8,5,38.5,10
703,LS0178,4/1/2025,11,7,5,1,8,7,46.1,20
704,LS0179,12/1/2025,36,24,12,4,5,6,86.6,17
705,LS0179,10/1/2025,36,22,16,5,5,12,44.5,10
706,LS0179,2/1/2025,46,29,22,6,0,10,109.7,14
707,LS0179,7/1/2025,45,24,13,4,3,12,63.1,20
708,LS0179,1/1/2025,26,16,10,2,4,4,54.6,16
709,LS0179,4/1/2025,4,2,1,1,13,7,81.3,17
710,LS0180,11/1/2025,23,13,8,3,3,12,16.9,15
711,LS0180,4/1/2025,15,7,5,0,13,6,28.3,22
712,LS0180,9/1/2025,49,20,13,2,0,2,38.4,19
713,LS0180,5/1/2025,38,23,17,2,5,5,25.6,21
714,LS0180,7/1/2025,16,9,5,2,13,3,22.4,26
715,LS0180,2/1/2025,39,21,18,4,7,0,31.9,18
716,LS0181,1/1/2025,34,16,11,3,4,2,172,14
717,LS0182,9/1/2025,23,12,10,2,1,10,137.8,10
718,LS0182,7/1/2025,32,18,14,3,4,7,150.5,16
719,LS0182,3/1/2025,22,11,7,2,11,2,201.4,23
720,LS0182,1/1/2025,25,10,6,2,6,2,172.9,25
721,LS0182,8/1/2025,28,18,9,3,1,12,237.5,11
722,LS0182,6/1/2025,27,13,7,1,12,0,156,21
723,LS0183,7/1/2025,26,13,10,1,3,3,197.2,17
724,LS0183,8/1/2025,9,4,3,1,0,2,154,19
725,LS0183,2/1/2025,21,9,6,1,1,7,55.6,14
726,LS0183,11/1/2025,11,8,4,1,14,7,205.2,21
727,LS0183,10/1/2025,25,18,10,2,10,0,146.5,26
728,LS0183,5/1/2025,15,11,9,1,10,6,133,11
729,LS0184,2/1/2025,37,24,14,0,2,9,230.8,12
730,LS0184,7/1/2025,26,19,16,3,11,7,165.6,10
731,LS0184,11/1/2025,29,21,12,3,15,4,189,22
732,LS0184,9/1/2025,19,13,9,1,3,0,58.3,19
733,LS0184,1/1/2025,29,12,9,2,2,2,212.6,20
734,LS0185,7/1/2025,41,25,20,2,2,10,123.6,23
735,LS0185,2/1/2025,23,13,10,0,1,7,54,21
736,LS0185,10/1/2025,37,15,10,3,1,7,104.9,26
737,LS0185,11/1/2025,42,25,14,6,1,12,49.3,14
738,LS0185,12/1/2025,35,16,12,4,2,0,66.6,12
739,LS0185,8/1/2025,37,27,14,2,2,10,63,14
740,LS0186,3/1/2025,38,16,13,5,1,4,171.6,12
741,LS0186,7/1/2025,47,33,22,1,2,5,156.5,13
742,LS0186,9/1/2025,22,13,10,0,4,7,187.1,12
743,LS0187,9/1/2025,27,13,11,3,1,8,106,14
744,LS0187,7/1/2025,25,15,8,1,4,11,115.7,12
745,LS0187,2/1/2025,46,25,20,5,2,11,110.2,18
746,LS0188,2/1/2025,40,29,24,4,2,3,49.3,22
747,LS0188,1/1/2025,18,10,8,1,12,0,36.7,12
748,LS0188,11/1/2025,9,7,4,0,0,7,26.5,12
749,LS0188,8/1/2025,30,15,9,1,2,2,34,17
750,LS0188,12/1/2025,45,22,14,3,4,7,47.1,24
751,LS0189,11/1/2025,29,14,11,0,8,6,33.6,25
752,LS0189,10/1/2025,41,21,13,2,3,12,36.9,17
753,LS0189,12/1/2025,28,12,8,3,13,0,29.4,23
754,LS0190,11/1/2025,28,21,16,2,10,8,76.3,26
755,LS0190,6/1/2025,15,8,6,1,13,2,81.1,26
756,LS0190,2/1/2025,17,8,4,2,8,0,24.3,26
757,LS0190,12/1/2025,27,20,13,2,2,7,63.2,22
758,LS0190,4/1/2025,48,31,18,5,1,2,81.4,13
759,LS0191,7/1/2025,15,11,8,1,8,4,117.2,26
760,LS0191,10/1/2025,35,25,21,5,0,6,213.4,24
761,LS0191,4/1/2025,14,7,4,1,8,0,51.8,17
762,LS0191,1/1/2025,17,12,8,0,15,0,207.8,12
763,LS0191,3/1/2025,17,8,4,3,4,5,105.7,11
764,LS0191,12/1/2025,42,26,15,1,0,0,243.3,25
765,LS0192,11/1/2025,28,12,10,4,9,4,58.7,26
766,LS0192,10/1/2025,34,14,9,2,0,4,71.2,22
767,LS0192,1/1/2025,16,9,7,1,11,3,83.5,21
768,LS0193,3/1/2025,28,13,7,4,0,5,144,17
769,LS0193,4/1/2025,47,28,15,2,3,10,181.2,19
770,LS0193,6/1/2025,28,20,11,3,6,4,122.3,24
771,LS0193,2/1/2025,37,15,11,2,3,4,112,25
772,LS0193,1/1/2025,19,12,8,0,6,0,156.5,19
773,LS0194,6/1/2025,18,13,11,1,1,5,62.9,10
774,LS0194,8/1/2025,32,15,8,5,2,6,62.7,20
775,LS0194,5/1/2025,46,32,22,6,0,10,62.9,26
776,LS0195,12/1/2025,20,13,7,2,15,3,70.3,23
777,LS0195,6/1/2025,37,16,8,2,3,2,111.6,23
778,LS0196,8/1/2025,12,8,5,0,13,0,37.9,25
779,LS0196,10/1/2025,24,15,11,3,3,12,29.3,16
780,LS0196,6/1/2025,69,48,27,5,0,9,17.7,14
781,LS0196,11/1/2025,39,22,16,3,3,12,50.8,25
782,LS0197,4/1/2025,45,29,24,7,3,3,154.2,18
783,LS0197,2/1/2025,20,12,10,2,6,9,164.1,20
784,LS0197,5/1/2025,9,6,4,1,2,4,124.8,17
785,LS0197,3/1/2025,9,4,3,1,14,1,176.6,15
786,LS0197,1/1/2025,40,22,12,5,3,0,223.8,26
787,LS0198,10/1/2025,26,13,8,1,1,6,61.2,25
788,LS0198,7/1/2025,29,13,7,4,3,1,124.9,12
789,LS0199,8/1/2025,21,10,5,2,1,10,140.3,22
790,LS0199,7/1/2025,19,11,7,1,9,0,174.6,24
791,LS0199,4/1/2025,43,24,12,6,2,3,117.3,18
792,LS0199,12/1/2025,23,10,7,3,0,6,203,11
793,LS0199,5/1/2025,52,21,16,7,1,8,214,22
794,LS0200,2/1/2025,14,8,7,2,8,5,49.2,21
795,LS0200,7/1/2025,50,26,18,1,4,10,23.7,18
796,LS0200,3/1/2025,51,32,27,0,2,0,30.5,23
797,LS0200,8/1/2025,23,12,8,1,8,1,40.9,11
798,LS0201,7/1/2025,26,17,12,3,1,1,16.5,16
799,LS0201,4/1/2025,29,16,13,3,0,11,55.3,15
800,LS0201,5/1/2025,25,14,8,1,0,10,27.1,18
801,LS0201,2/1/2025,25,13,10,2,5,3,25.8,16
802,LS0201,10/1/2025,52,37,19,1,7,3,38.4,24
803,LS0202,2/1/2025,43,27,14,4,0,11,46.5,11
804,LS0202,3/1/2025,32,19,13,3,2,12,58.2,10
805,LS0202,12/1/2025,13,6,4,0,0,6,69.6,11
806,LS0202,8/1/2025,10,4,3,1,6,9,78.1,25
807,LS0202,7/1/2025,42,20,12,3,5,9,60.5,16
808,LS0202,11/1/2025,50,37,22,7,5,12,84.9,13
809,LS0203,3/1/2025,20,9,7,3,13,0,32.7,12
810,LS0203,7/1/2025,27,12,7,2,8,0,28.7,12
811,LS0203,5/1/2025,42,21,18,2,1,5,32.3,25
812,LS0203,12/1/2025,48,36,20,6,3,10,35.2,14
813,LS0204,9/1/2025,42,28,21,5,1,4,57,26
814,LS0204,7/1/2025,33,20,11,2,5,8,17,12
815,LS0204,10/1/2025,24,14,11,1,3,10,36.9,25
816,LS0204,8/1/2025,34,24,20,3,1,5,23.7,25
817,LS0204,2/1/2025,31,20,14,4,5,9,48.6,10
818,LS0204,11/1/2025,46,26,15,4,2,1,37.1,21
819,LS0205,4/1/2025,43,22,13,2,1,9,44.5,10
820,LS0205,3/1/2025,37,26,19,0,2,3,31.2,14
821,LS0205,5/1/2025,19,11,7,0,13,0,40.7,24
822,LS0205,2/1/2025,13,9,5,1,4,0,44.2,23
823,LS0206,9/1/2025,8,5,4,1,8,0,209.2,24
824,LS0206,6/1/2025,42,25,14,1,0,11,150.3,14
825,LS0207,11/1/2025,7,3,2,1,10,5,31.2,13
826,LS0207,6/1/2025,26,15,12,2,8,2,35.2,24
827,LS0207,4/1/2025,31,17,9,2,2,1,41.6,15
828,LS0207,12/1/2025,35,15,11,1,3,8,28.6,11
829,LS0208,5/1/2025,62,37,20,1,0,7,81.5,25
830,LS0208,4/1/2025,9,5,3,1,8,1,102.7,16
831,LS0208,9/1/2025,22,12,10,0,12,5,192.3,26
832,LS0208,11/1/2025,37,22,15,0,2,2,125.9,10
833,LS0208,3/1/2025,25,15,10,1,0,9,190.8,24
834,LS0208,12/1/2025,28,19,10,2,1,2,87.2,13
835,LS0209,9/1/2025,42,20,12,2,4,0,7,11
836,LS0209,3/1/2025,16,11,8,1,9,2,24,15
837,LS0209,7/1/2025,19,12,7,2,1,9,59.9,15
838,LS0209,6/1/2025,26,11,9,1,3,6,36,18
839,LS0209,8/1/2025,42,21,14,5,2,10,45.1,11
840,LS0210,1/1/2025,26,17,11,3,3,2,139.2,26
841,LS0210,6/1/2025,34,24,16,1,3,2,77,15
842,LS0210,8/1/2025,19,10,6,0,8,9,173.4,24
843,LS0211,8/1/2025,15,11,7,1,4,1,53.2,21
844,LS0211,11/1/2025,37,16,8,3,3,1,49.6,18
845,LS0211,9/1/2025,12,6,5,1,12,6,49.1,18
846,LS0211,12/1/2025,21,14,11,2,7,4,33.4,22
847,LS0211,6/1/2025,27,20,14,3,3,6,35.6,23
848,LS0211,2/1/2025,18,9,6,3,6,0,31.9,10
849,LS0212,5/1/2025,30,19,15,2,1,0,68.5,23
850,LS0212,12/1/2025,32,18,10,2,6,7,69.1,19
851,LS0212,4/1/2025,19,12,9,2,3,7,107.6,25
852,LS0212,1/1/2025,20,10,7,0,3,7,88.1,14
853,LS0213,11/1/2025,19,10,8,3,3,6,39.3,18
854,LS0213,3/1/2025,13,8,6,1,0,5,58.7,22
855,LS0214,2/1/2025,22,10,8,1,7,12,60.5,22
856,LS0214,6/1/2025,13,5,4,2,3,3,27.9,24
857,LS0214,1/1/2025,37,25,13,2,2,8,112.8,12
858,LS0215,8/1/2025,26,17,13,3,11,0,30.6,16
859,LS0215,9/1/2025,23,13,10,0,12,4,27.2,14
860,LS0215,10/1/2025,2043,10,8,2,3,11,23.4,16
861,LS0215,12/1/2025,8,4,3,1,10,0,13.9,16
862,LS0215,5/1/2025,26,15,13,1,3,12,31.7,16
863,LS0216,11/1/2025,48,23,14,3,1,1,222.5,14
864,LS0216,10/1/2025,16,12,10,2,7,11,160.2,23
865,LS0216,1/1/2025,12,5,4,1,13,0,207.1,22
866,LS0216,2/1/2025,20,12,7,3,8,8,141.7,13
867,LS0216,5/1/2025,40,29,22,1,3,10,151.4,12
868,LS0216,7/1/2025,51,36,21,8,0,8,135.6,18
869,LS0217,7/1/2025,27,20,13,4,3,0,41.2,24
870,LS0217,10/1/2025,45,24,13,0,3,3,24,20
871,LS0217,6/1/2025,24,10,7,0,2,1,20,13
872,LS0218,3/1/2025,14,7,5,1,3,2,182.6,14
873,LS0218,6/1/2025,18,11,6,3,12,0,126.2,25
874,LS0218,5/1/2025,46,21,15,1,0,9,119.5,10
875,LS0218,12/1/2025,22,10,8,2,14,3,224.3,18
876,LS0218,11/1/2025,23,14,9,0,0,10,198.3,17
877,LS0218,2/1/2025,22,11,8,1,13,6,150.6,18
878,LS0219,4/1/2025,30,12,9,3,1,7,27.5,16
879,LS0219,9/1/2025,37,20,17,5,4,7,37.1,23
880,LS0220,11/1/2025,44,19,11,3,2,6,76.1,10
881,LS0220,7/1/2025,17,8,6,2,3,5,114.9,25
882,LS0220,5/1/2025,30,18,13,1,0,8,104.9,21
883,LS0220,8/1/2025,26,19,13,1,2,8,87.4,25
884,LS0220,12/1/2025,39,25,18,4,0,10,61.4,26
885,LS0220,10/1/2025,11,7,4,0,1,7,123.2,14
886,LS0221,10/1/2025,17,10,8,1,7,2,145.4,25
887,LS0222,6/1/2025,25,17,11,4,8,2,15.8,23
888,LS0222,11/1/2025,19,13,9,1,8,5,39.1,13
889,LS0222,1/1/2025,49,32,25,3,6,12,45.9,12
890,LS0222,9/1/2025,17,9,7,1,12,8,48.9,25
891,LS0223,11/1/2025,30,19,12,2,3,7,37.1,11
892,LS0223,12/1/2025,32,23,17,4,6,9,29.7,14
893,LS0223,6/1/2025,32,21,14,3,1,8,43.2,10
894,LS0223,4/1/2025,11,7,5,0,10,0,42.4,13
895,LS0223,2/1/2025,21,15,10,1,3,5,17.6,18
896,LS0224,11/1/2025,40,29,17,1,2,9,36.8,19
897,LS0224,7/1/2025,13,7,5,0,3,11,32.7,17
898,LS0224,8/1/2025,24,11,6,1,3,12,34.7,21
899,LS0224,1/1/2025,8,3,2,1,8,5,24.1,24
900,LS0224,2/1/2025,25,13,11,1,8,2,17.2,18
901,LS0224,3/1/2025,16,11,9,1,11,2,12.2,15
902,LS0225,1/1/2025,22,10,6,2,9,0,211.4,20
903,LS0225,4/1/2025,32,17,14,3,3,6,162.1,19
904,LS0225,12/1/2025,49,31,17,3,3,5,231.6,22
905,LS0225,2/1/2025,9,4,2,1,0,10,116.9,22
906,LS0226,7/1/2025,37,26,16,5,7,6,107.3,22
907,LS0226,4/1/2025,13,7,5,1,3,6,67.8,16
908,LS0226,2/1/2025,24,11,6,2,2,7,78.1,24
909,LS0226,8/1/2025,24,13,7,1,0,4,55.8,12
910,LS0226,3/1/2025,25,12,10,4,2,9,107.8,26
911,LS0226,9/1/2025,28,16,8,4,15,7,90,24
912,LS0227,12/1/2025,18,9,6,2,1,3,45.1,17
913,LS0227,5/1/2025,13,7,4,2,8,0,42.4,22
914,LS0228,11/1/2025,49,25,16,6,2,0,84.5,18
915,LS0228,10/1/2025,15,11,7,0,4,8,91.3,13
916,LS0229,2/1/2025,39,17,10,5,2,0,81.3,24
917,LS0229,4/1/2025,17,10,7,0,2,6,78.4,15
918,LS0229,10/1/2025,23,11,9,0,0,7,119.1,14
919,LS0230,12/1/2025,11,8,5,1,1,12,26.3,11
920,LS0230,6/1/2025,25,18,14,1,0,12,27.2,19
921,LS0230,2/1/2025,43,25,16,6,2,7,40.2,26
922,LS0230,10/1/2025,31,21,15,1,0,3,9.2,20
923,LS0230,3/1/2025,28,16,11,1,6,8,34.6,19
924,LS0230,11/1/2025,21,9,5,0,8,8,40.5,18
925,LS0231,1/1/2025,52,32,25,5,0,7,176,21
926,LS0231,7/1/2025,36,24,19,3,6,2,154.9,18
927,LS0231,3/1/2025,34,15,11,1,0,0,124.6,11
928,LS0232,12/1/2025,42,17,14,6,0,5,113.4,16
929,LS0232,9/1/2025,41,26,19,2,2,9,88.8,10
930,LS0232,10/1/2025,31,19,12,1,3,3,78.4,25
931,LS0233,3/1/2025,33,14,12,3,5,5,71.3,14
932,LS0233,5/1/2025,22,12,8,2,13,1,62.8,11
933,LS0234,9/1/2025,15,9,7,2,5,3,95.7,14
934,LS0234,3/1/2025,16,7,4,2,3,12,76.8,10
935,LS0234,6/1/2025,52,36,19,3,0,9,68.5,16
936,LS0234,1/1/2025,27,19,12,4,5,8,87.6,25
937,LS0234,11/1/2025,35,25,19,5,3,4,84.2,20
938,LS0234,2/1/2025,38,16,9,5,1,11,80.6,10
939,LS0235,7/1/2025,26,17,14,2,3,10,17.2,14
940,LS0235,10/1/2025,32,21,11,2,3,9,36.7,11
941,LS0235,2/1/2025,23,10,5,0,0,3,41.8,16
942,LS0235,1/1/2025,54,32,27,7,2,2,49.6,16
943,LS0236,6/1/2025,14,10,6,2,10,0,54.4,16
944,LS0236,3/1/2025,23,10,6,1,12,4,80.2,13
945,LS0236,1/1/2025,34,21,14,1,5,10,98.8,20
946,LS0236,10/1/2025,30,12,7,1,3,12,106.6,18
947,LS0236,7/1/2025,14,7,5,1,3,9,54,21
948,LS0237,3/1/2025,49,33,23,3,2,12,72,13
949,LS0237,5/1/2025,13,5,4,1,7,9,65.2,18
950,LS0237,2/1/2025,26,11,6,1,2,0,52.2,20
951,LS0238,3/1/2025,19,12,9,1,2,8,118.4,19
952,LS0238,5/1/2025,14,9,7,1,10,2,60.7,25
953,LS0238,4/1/2025,37,23,13,2,0,3,80.8,21
954,LS0238,7/1/2025,24,14,10,1,2,6,47.8,11
955,LS0238,6/1/2025,51,33,25,7,3,12,88.8,13
956,LS0238,1/1/2025,17,10,8,1,13,1,95.7,26
957,LS0239,5/1/2025,24,11,6,2,7,10,102.5,20
958,LS0239,1/1/2025,40,25,19,2,1,11,85.6,22
959,LS0239,8/1/2025,39,17,14,3,3,4,48.9,23
960,LS0239,10/1/2025,36,25,21,1,7,0,82.5,23
961,LS0240,3/1/2025,13,8,6,1,2,8,75.4,20
962,LS0240,9/1/2025,44,23,13,6,1,1,32.5,11
963,LS0240,11/1/2025,52,30,24,5,2,6,34.7,10
964,LS0241,9/1/2025,8,4,3,1,1,4,57.3,26
965,LS0241,4/1/2025,39,23,18,2,6,3,51.8,14
966,LS0241,5/1/2025,23,14,9,3,5,0,24.8,15
967,LS0241,1/1/2025,9,5,4,0,3,5,21.3,20
968,LS0242,11/1/2025,31,20,11,3,1,1,33.5,20
969,LS0242,4/1/2025,28,15,12,1,3,3,47.7,20
970,LS0242,7/1/2025,30,12,7,1,2,12,47.7,23
971,LS0242,10/1/2025,40,28,23,1,1,3,23.5,19
972,LS0242,5/1/2025,14,9,7,1,3,12,21.1,11
973,LS0243,1/1/2025,54,24,18,0,1,3,89.4,15
974,LS0243,10/1/2025,17,11,6,2,10,0,48.3,10
975,LS0243,3/1/2025,45,31,17,0,0,6,96.8,10
976,LS0243,4/1/2025,23,17,10,2,13,9,64.2,11
977,LS0243,5/1/2025,7,3,2,0,6,12,40.7,25
978,LS0243,8/1/2025,14,10,8,1,10,6,111.8,25
979,LS0244,5/1/2025,27,15,12,2,1,8,36.2,15
980,LS0244,2/1/2025,13,9,5,1,1,11,23.6,15
981,LS0244,12/1/2025,27,13,10,1,7,0,57.7,20
982,LS0245,11/1/2025,11,6,3,1,13,8,168.1,19
983,LS0245,7/1/2025,28,14,11,1,1,1,184.3,23
984,LS0245,10/1/2025,36,20,14,4,2,10,187.9,21
985,LS0245,4/1/2025,51,22,15,3,4,7,198.6,19
986,LS0245,2/1/2025,37,22,11,1,4,8,184.8,21
987,LS0245,3/1/2025,15,9,7,1,8,1,123.1,22
988,LS0246,11/1/2025,14,7,6,2,7,7,105.3,17
989,LS0246,5/1/2025,22,14,10,2,2,10,57.1,19
990,LS0246,3/1/2025,17,9,8,1,14,3,47.4,11
991,LS0246,10/1/2025,27,20,11,3,0,11,70.1,24
992,LS0246,2/1/2025,37,27,20,4,14,4,99.2,13
993,LS0246,6/1/2025,39,19,12,3,3,1,119,12
994,LS0247,8/1/2025,55,28,22,2,3,6,57.9,12
995,LS0247,9/1/2025,23,12,7,2,1,10,63,23
996,LS0247,1/1/2025,27,12,8,4,1,8,93.8,10
997,LS0247,11/1/2025,37,20,14,2,6,12,94.3,19
998,LS0247,3/1/2025,41,18,11,0,4,12,72.2,22
999,LS0247,5/1/2025,9,4,3,1,10,6,25.1,20
1000,LS0248,5/1/2025,13,6,4,2,0,1,42.2,24
1001,LS0248,1/1/2025,25,13,9,0,5,8,47,20
1002,LS0248,12/1/2025,35,20,11,2,4,4,12.4,26
1003,LS0248,11/1/2025,19,11,8,1,2,1,35.9,13
1004,LS0249,5/1/2025,23,15,11,3,0,12,140.4,19
1005,LS0250,7/1/2025,37,27,20,4,6,1,7.7,25
1006,LS0250,1/1/2025,34,22,14,4,2,12,21.2,14
1007,LS0250,2/1/2025,22,11,7,1,2,11,6.3,11
1008,LS0250,10/1/2025,10,6,3,0,8,0,32.3,26
1009,LS0250,4/1/2025,33,20,14,3,3,9,22.9,18
1010,LS0006,10/1/2025,23,10,8,2,13,6,26.5,13
1011,LS0112,7/1/2025,15,11,9,0,11,6,137.2,25
1012,LS0151,6/1/2025,21,12,7,3,3,6,71.8,23
1013,LS0178,4/1/2025,11,7,5,1,8,7,46.1,20
1014,LS0102,6/1/2025,45,23,15,3,6,11,182.2,19
